[
    {
        "name": "India",
        "dial_code": "+91",
        "code": "IN",
        "states": [
            {
                "value": "Andhra Pradesh",
                "label": "Andhra Pradesh",
                "districts": [
                    {
                        "value": "Visakhapatnam",
                        "label": "Visakhapatnam",
                        "pincodes": [
                            "530001",
                            "530002",
                            "530003",
                            "530004",
                            "530005",
                            "OTHERS"
                        ]
                    },
                    {
                        "value": "Vijayawada",
                        "label": "Vijayawada",
                        "pincodes": [
                            "520001",
                            "520002",
                            "520003",
                            "520004",
                            "520005",
                            "OTHERS"
                        ]
                    },
                    {
                        "value": "Guntur",
                        "label": "Guntur",
                        "pincodes": [
                            "522001",
                            "522002",
                            "522003",
                            "522004",
                            "522005",
                            "OTHERS"
                        ]
                    }
                ]
            },
            {
                "value": "Arunachal Pradesh",
                "label": "Arunachal Pradesh",
                "districts": [
                    {
                        "value": "Itanagar",
                        "label": "Itanagar",
                        "pincodes": [
                            "791111",
                            "791112",
                            "791113",
                            "OTHERS"
                        ]
                    },
                    {
                        "value": "Pasighat",
                        "label": "Pasighat",
                        "pincodes": [
                            "791102",
                            "791103",
                            "OTHERS"
                        ]
                    }
                ]
            },
            {
                "value": "Assam",
                "label": "Assam",
                "districts": [
                    {
                        "value": "Guwahati",
                        "label": "Guwahati",
                        "pincodes": [
                            "781001",
                            "781002",
                            "781003",
                            "781004",
                            "781005",
                            "OTHERS"
                        ]
                    },
                    {
                        "value": "Dibrugarh",
                        "label": "Dibrugarh",
                        "pincodes": [
                            "786001",
                            "786002",
                            "786003",
                            "OTHERS"
                        ]
                    },
                    {
                        "value": "Silchar",
                        "label": "Silchar",
                        "pincodes": [
                            "788001",
                            "788002",
                            "788003",
                            "OTHERS"
                        ]
                    }
                ]
            },
            {
                "value": "Bihar",
                "label": "Bihar",
                "districts": [
                    {
                        "value": "Patna",
                        "label": "Patna",
                        "pincodes": [
                            "800001",
                            "800002",
                            "800003",
                            "800004",
                            "800005",
                            "OTHERS"
                        ]
                    },
                    {
                        "value": "Gaya",
                        "label": "Gaya",
                        "pincodes": [
                            "823001",
                            "823002",
                            "823003",
                            "OTHERS"
                        ]
                    },
                    {
                        "value": "Bhagalpur",
                        "label": "Bhagalpur",
                        "pincodes": [
                            "812001",
                            "812002",
                            "812003",
                            "OTHERS"
                        ]
                    }
                ]
            },
            {
                "value": "Chhattisgarh",
                "label": "Chhattisgarh",
                "districts": [
                    {
                        "value": "Raipur",
                        "label": "Raipur",
                        "pincodes": [
                            "492001",
                            "492002",
                            "492003",
                            "492004",
                            "492005",
                            "OTHERS"
                        ]
                    },
                    {
                        "value": "Bhilai",
                        "label": "Bhilai",
                        "pincodes": [
                            "490001",
                            "490002",
                            "490003",
                            "OTHERS"
                        ]
                    },
                    {
                        "value": "Bilaspur",
                        "label": "Bilaspur",
                        "pincodes": [
                            "495001",
                            "495002",
                            "495003",
                            "OTHERS"
                        ]
                    }
                ]
            },
            {
                "value": "Goa",
                "label": "Goa",
                "districts": [
                    {
                        "value": "Panaji",
                        "label": "Panaji",
                        "pincodes": [
                            "403001",
                            "403002",
                            "403003",
                            "OTHERS"
                        ]
                    },
                    {
                        "value": "Margao",
                        "label": "Margao",
                        "pincodes": [
                            "403601",
                            "403602",
                            "403603",
                            "OTHERS"
                        ]
                    },
                    {
                        "value": "Vasco da Gama",
                        "label": "Vasco da Gama",
                        "pincodes": [
                            "403802",
                            "403803",
                            "OTHERS"
                        ]
                    }
                ]
            },
            {
                "value": "Gujarat",
                "label": "Gujarat",
                "districts": [
                    {
                        "value": "Ahmedabad",
                        "label": "Ahmedabad",
                        "pincodes": [
                            "380001",
                            "380002",
                            "380003",
                            "380004",
                            "380005",
                            "OTHERS"
                        ]
                    },
                    {
                        "value": "Surat",
                        "label": "Surat",
                        "pincodes": [
                            "395001",
                            "395002",
                            "395003",
                            "395004",
                            "395005",
                            "OTHERS"
                        ]
                    },
                    {
                        "value": "Vadodara",
                        "label": "Vadodara",
                        "pincodes": [
                            "390001",
                            "390002",
                            "390003",
                            "390004",
                            "390005",
                            "OTHERS"
                        ]
                    },
                    {
                        "value": "Rajkot",
                        "label": "Rajkot",
                        "pincodes": [
                            "360001",
                            "360002",
                            "360003",
                            "360004",
                            "360005",
                            "OTHERS"
                        ]
                    }
                ]
            },
            {
                "value": "Haryana",
                "label": "Haryana",
                "districts": [
                    {
                        "value": "Faridabad",
                        "label": "Faridabad",
                        "pincodes": [
                            "121001",
                            "121002",
                            "121003",
                            "121004",
                            "121005",
                            "OTHERS"
                        ]
                    },
                    {
                        "value": "Gurgaon",
                        "label": "Gurgaon",
                        "pincodes": [
                            "122001",
                            "122002",
                            "122003",
                            "122004",
                            "122005",
                            "OTHERS"
                        ]
                    },
                    {
                        "value": "Panipat",
                        "label": "Panipat",
                        "pincodes": [
                            "132103",
                            "132104",
                            "132105",
                            "OTHERS"
                        ]
                    }
                ]
            },
            {
                "value": "Himachal Pradesh",
                "label": "Himachal Pradesh",
                "districts": [
                    {
                        "value": "Shimla",
                        "label": "Shimla",
                        "pincodes": [
                            "171001",
                            "171002",
                            "171003",
                            "171004",
                            "171005",
                            "OTHERS"
                        ]
                    },
                    {
                        "value": "Dharamshala",
                        "label": "Dharamshala",
                        "pincodes": [
                            "176215",
                            "176216",
                            "176217",
                            "OTHERS"
                        ]
                    },
                    {
                        "value": "Manali",
                        "label": "Manali",
                        "pincodes": [
                            "175131",
                            "175132",
                            "OTHERS"
                        ]
                    }
                ]
            },
            {
                "value": "Jharkhand",
                "label": "Jharkhand",
                "districts": [
                    {
                        "value": "Ranchi",
                        "label": "Ranchi",
                        "pincodes": [
                            "834001",
                            "834002",
                            "834003",
                            "834004",
                            "834005",
                            "OTHERS"
                        ]
                    },
                    {
                        "value": "Jamshedpur",
                        "label": "Jamshedpur",
                        "pincodes": [
                            "831001",
                            "831002",
                            "831003",
                            "831004",
                            "831005",
                            "OTHERS"
                        ]
                    },
                    {
                        "value": "Dhanbad",
                        "label": "Dhanbad",
                        "pincodes": [
                            "826001",
                            "826002",
                            "826003",
                            "OTHERS"
                        ]
                    }
                ]
            },
            {
                "value": "Karnataka",
                "label": "Karnataka",
                "districts": [
                    {
                        "value": "Bangalore",
                        "label": "Bangalore",
                        "pincodes": [
                            "560001",
                            "560002",
                            "560003",
                            "560004",
                            "560005",
                            "OTHERS"
                        ]
                    },
                    {
                        "value": "Mysore",
                        "label": "Mysore",
                        "pincodes": [
                            "570001",
                            "570002",
                            "570003",
                            "570004",
                            "570005",
                            "OTHERS"
                        ]
                    },
                    {
                        "value": "Hubli",
                        "label": "Hubli",
                        "pincodes": [
                            "580001",
                            "580002",
                            "580003",
                            "OTHERS"
                        ]
                    },
                    {
                        "value": "Mangalore",
                        "label": "Mangalore",
                        "pincodes": [
                            "575001",
                            "575002",
                            "575003",
                            "OTHERS"
                        ]
                    }
                ]
            },
            {
                "value": "Kerala",
                "label": "Kerala",
                "districts": [
                    {
                        "value": "Thiruvananthapuram",
                        "label": "Thiruvananthapuram",
                        "pincodes": [
                            "695001",
                            "695002",
                            "695003",
                            "695004",
                            "695005",
                            "OTHERS"
                        ]
                    },
                    {
                        "value": "Kochi",
                        "label": "Kochi",
                        "pincodes": [
                            "682001",
                            "682002",
                            "682003",
                            "682004",
                            "682005",
                            "OTHERS"
                        ]
                    },
                    {
                        "value": "Kozhikode",
                        "label": "Kozhikode",
                        "pincodes": [
                            "673001",
                            "673002",
                            "673003",
                            "673004",
                            "OTHERS"
                        ]
                    },
                    {
                        "value": "Thrissur",
                        "label": "Thrissur",
                        "pincodes": [
                            "680001",
                            "680002",
                            "680003",
                            "OTHERS"
                        ]
                    }
                ]
            },
            {
                "value": "Madhya Pradesh",
                "label": "Madhya Pradesh",
                "districts": [
                    {
                        "value": "Bhopal",
                        "label": "Bhopal",
                        "pincodes": [
                            "462001",
                            "462002",
                            "462003",
                            "462004",
                            "462005",
                            "OTHERS"
                        ]
                    },
                    {
                        "value": "Indore",
                        "label": "Indore",
                        "pincodes": [
                            "452001",
                            "452002",
                            "452003",
                            "452004",
                            "452005",
                            "OTHERS"
                        ]
                    },
                    {
                        "value": "Gwalior",
                        "label": "Gwalior",
                        "pincodes": [
                            "474001",
                            "474002",
                            "474003",
                            "474004",
                            "OTHERS"
                        ]
                    },
                    {
                        "value": "Jabalpur",
                        "label": "Jabalpur",
                        "pincodes": [
                            "482001",
                            "482002",
                            "482003",
                            "482004",
                            "OTHERS"
                        ]
                    }
                ]
            },
            {
                "value": "Maharashtra",
                "label": "Maharashtra",
                "districts": [
                    {
                        "value": "Mumbai",
                        "label": "Mumbai",
                        "pincodes": [
                            "400001",
                            "400002",
                            "400003",
                            "400004",
                            "400005",
                            "OTHERS"
                        ]
                    },
                    {
                        "value": "Pune",
                        "label": "Pune",
                        "pincodes": [
                            "411001",
                            "411002",
                            "411003",
                            "411004",
                            "411005",
                            "OTHERS"
                        ]
                    },
                    {
                        "value": "Nagpur",
                        "label": "Nagpur",
                        "pincodes": [
                            "440001",
                            "440002",
                            "440003",
                            "440004",
                            "440005",
                            "OTHERS"
                        ]
                    },
                    {
                        "value": "Nashik",
                        "label": "Nashik",
                        "pincodes": [
                            "422001",
                            "422002",
                            "422003",
                            "422004",
                            "422005",
                            "OTHERS"
                        ]
                    },
                    {
                        "value": "Aurangabad",
                        "label": "Aurangabad",
                        "pincodes": [
                            "431001",
                            "431002",
                            "431003",
                            "431004",
                            "OTHERS"
                        ]
                    }
                ]
            },
            {
                "value": "Manipur",
                "label": "Manipur",
                "districts": [
                    {
                        "value": "Imphal",
                        "label": "Imphal",
                        "pincodes": [
                            "795001",
                            "795002",
                            "795003",
                            "795004",
                            "OTHERS"
                        ]
                    }
                ]
            },
            {
                "value": "Meghalaya",
                "label": "Meghalaya",
                "districts": [
                    {
                        "value": "Shillong",
                        "label": "Shillong",
                        "pincodes": [
                            "793001",
                            "793002",
                            "793003",
                            "793004",
                            "OTHERS"
                        ]
                    }
                ]
            },
            {
                "value": "Mizoram",
                "label": "Mizoram",
                "districts": [
                    {
                        "value": "Aizawl",
                        "label": "Aizawl",
                        "pincodes": [
                            "796001",
                            "796002",
                            "796003",
                            "OTHERS"
                        ]
                    }
                ]
            },
            {
                "value": "Nagaland",
                "label": "Nagaland",
                "districts": [
                    {
                        "value": "Kohima",
                        "label": "Kohima",
                        "pincodes": [
                            "797001",
                            "797002",
                            "797003",
                            "OTHERS"
                        ]
                    },
                    {
                        "value": "Dimapur",
                        "label": "Dimapur",
                        "pincodes": [
                            "797112",
                            "797113",
                            "OTHERS"
                        ]
                    }
                ]
            },
            {
                "value": "Odisha",
                "label": "Odisha",
                "districts": [
                    {
                        "value": "Bhubaneswar",
                        "label": "Bhubaneswar",
                        "pincodes": [
                            "751001",
                            "751002",
                            "751003",
                            "751004",
                            "751005",
                            "OTHERS"
                        ]
                    },
                    {
                        "value": "Cuttack",
                        "label": "Cuttack",
                        "pincodes": [
                            "753001",
                            "753002",
                            "753003",
                            "753004",
                            "OTHERS"
                        ]
                    },
                    {
                        "value": "Rourkela",
                        "label": "Rourkela",
                        "pincodes": [
                            "769001",
                            "769002",
                            "769003",
                            "OTHERS"
                        ]
                    }
                ]
            },
            {
                "value": "Punjab",
                "label": "Punjab",
                "districts": [
                    {
                        "value": "Ludhiana",
                        "label": "Ludhiana",
                        "pincodes": [
                            "141001",
                            "141002",
                            "141003",
                            "141004",
                            "141005",
                            "OTHERS"
                        ]
                    },
                    {
                        "value": "Amritsar",
                        "label": "Amritsar",
                        "pincodes": [
                            "143001",
                            "143002",
                            "143003",
                            "143004",
                            "143005",
                            "OTHERS"
                        ]
                    },
                    {
                        "value": "Jalandhar",
                        "label": "Jalandhar",
                        "pincodes": [
                            "144001",
                            "144002",
                            "144003",
                            "144004",
                            "OTHERS"
                        ]
                    },
                    {
                        "value": "Patiala",
                        "label": "Patiala",
                        "pincodes": [
                            "147001",
                            "147002",
                            "147003",
                            "OTHERS"
                        ]
                    }
                ]
            },
            {
                "value": "Rajasthan",
                "label": "Rajasthan",
                "districts": [
                    {
                        "value": "Jaipur",
                        "label": "Jaipur",
                        "pincodes": [
                            "302001",
                            "302002",
                            "302003",
                            "302004",
                            "302005",
                            "OTHERS"
                        ]
                    },
                    {
                        "value": "Jodhpur",
                        "label": "Jodhpur",
                        "pincodes": [
                            "342001",
                            "342002",
                            "342003",
                            "342004",
                            "342005",
                            "OTHERS"
                        ]
                    },
                    {
                        "value": "Udaipur",
                        "label": "Udaipur",
                        "pincodes": [
                            "313001",
                            "313002",
                            "313003",
                            "313004",
                            "OTHERS"
                        ]
                    },
                    {
                        "value": "Kota",
                        "label": "Kota",
                        "pincodes": [
                            "324001",
                            "324002",
                            "324003",
                            "324004",
                            "OTHERS"
                        ]
                    }
                ]
            },
            {
                "value": "Sikkim",
                "label": "Sikkim",
                "districts": [
                    {
                        "value": "Gangtok",
                        "label": "Gangtok",
                        "pincodes": [
                            "737101",
                            "737102",
                            "737103",
                            "OTHERS"
                        ]
                    }
                ]
            },
            {
                "value": "Tamil Nadu",
                "label": "Tamil Nadu",
                "districts": [
                    {
                        "value": "Chennai",
                        "label": "Chennai",
                        "pincodes": [
                            "600001",
                            "600002",
                            "600003",
                            "600004",
                            "600005",
                            "OTHERS"
                        ]
                    },
                    {
                        "value": "Coimbatore",
                        "label": "Coimbatore",
                        "pincodes": [
                            "641001",
                            "641002",
                            "641003",
                            "641004",
                            "641005",
                            "OTHERS"
                        ]
                    },
                    {
                        "value": "Madurai",
                        "label": "Madurai",
                        "pincodes": [
                            "625001",
                            "625002",
                            "625003",
                            "625004",
                            "625005",
                            "OTHERS"
                        ]
                    },
                    {
                        "value": "Tiruchirappalli",
                        "label": "Tiruchirappalli",
                        "pincodes": [
                            "620001",
                            "620002",
                            "620003",
                            "620004",
                            "OTHERS"
                        ]
                    },
                    {
                        "value": "Salem",
                        "label": "Salem",
                        "pincodes": [
                            "636001",
                            "636002",
                            "636003",
                            "636004",
                            "OTHERS"
                        ]
                    }
                ]
            },
            {
                "value": "Telangana",
                "label": "Telangana",
                "districts": [
                    {
                        "value": "Hyderabad",
                        "label": "Hyderabad",
                        "pincodes": [
                            "500001",
                            "500002",
                            "500003",
                            "500004",
                            "500005",
                            "OTHERS"
                        ]
                    },
                    {
                        "value": "Warangal",
                        "label": "Warangal",
                        "pincodes": [
                            "506001",
                            "506002",
                            "506003",
                            "506004",
                            "OTHERS"
                        ]
                    },
                    {
                        "value": "Nizamabad",
                        "label": "Nizamabad",
                        "pincodes": [
                            "503001",
                            "503002",
                            "503003",
                            "OTHERS"
                        ]
                    }
                ]
            },
            {
                "value": "Tripura",
                "label": "Tripura",
                "districts": [
                    {
                        "value": "Agartala",
                        "label": "Agartala",
                        "pincodes": [
                            "799001",
                            "799002",
                            "799003",
                            "799004",
                            "OTHERS"
                        ]
                    }
                ]
            },
            {
                "value": "Uttar Pradesh",
                "label": "Uttar Pradesh",
                "districts": [
                    {
                        "value": "Lucknow",
                        "label": "Lucknow",
                        "pincodes": [
                            "226001",
                            "226002",
                            "226003",
                            "226004",
                            "226005",
                            "OTHERS"
                        ]
                    },
                    {
                        "value": "Kanpur",
                        "label": "Kanpur",
                        "pincodes": [
                            "208001",
                            "208002",
                            "208003",
                            "208004",
                            "208005",
                            "OTHERS"
                        ]
                    },
                    {
                        "value": "Ghaziabad",
                        "label": "Ghaziabad",
                        "pincodes": [
                            "201001",
                            "201002",
                            "201003",
                            "201004",
                            "201005",
                            "OTHERS"
                        ]
                    },
                    {
                        "value": "Agra",
                        "label": "Agra",
                        "pincodes": [
                            "282001",
                            "282002",
                            "282003",
                            "282004",
                            "282005",
                            "OTHERS"
                        ]
                    },
                    {
                        "value": "Varanasi",
                        "label": "Varanasi",
                        "pincodes": [
                            "221001",
                            "221002",
                            "221003",
                            "221004",
                            "221005",
                            "OTHERS"
                        ]
                    },
                    {
                        "value": "Meerut",
                        "label": "Meerut",
                        "pincodes": [
                            "250001",
                            "250002",
                            "250003",
                            "250004",
                            "250005",
                            "OTHERS"
                        ]
                    }
                ]
            },
            {
                "value": "Uttarakhand",
                "label": "Uttarakhand",
                "districts": [
                    {
                        "value": "Dehradun",
                        "label": "Dehradun",
                        "pincodes": [
                            "248001",
                            "248002",
                            "248003",
                            "248004",
                            "248005",
                            "OTHERS"
                        ]
                    },
                    {
                        "value": "Haridwar",
                        "label": "Haridwar",
                        "pincodes": [
                            "249401",
                            "249402",
                            "249403",
                            "OTHERS"
                        ]
                    },
                    {
                        "value": "Nainital",
                        "label": "Nainital",
                        "pincodes": [
                            "263001",
                            "263002",
                            "263003",
                            "OTHERS"
                        ]
                    }
                ]
            },
            {
                "value": "West Bengal",
                "label": "West Bengal",
                "districts": [
                    {
                        "value": "Kolkata",
                        "label": "Kolkata",
                        "pincodes": [
                            "700001",
                            "700002",
                            "700003",
                            "700004",
                            "700005",
                            "OTHERS"
                        ]
                    },
                    {
                        "value": "Howrah",
                        "label": "Howrah",
                        "pincodes": [
                            "711001",
                            "711002",
                            "711003",
                            "711004",
                            "OTHERS"
                        ]
                    },
                    {
                        "value": "Durgapur",
                        "label": "Durgapur",
                        "pincodes": [
                            "713201",
                            "713202",
                            "713203",
                            "OTHERS"
                        ]
                    },
                    {
                        "value": "Siliguri",
                        "label": "Siliguri",
                        "pincodes": [
                            "734001",
                            "734002",
                            "734003",
                            "OTHERS"
                        ]
                    }
                ]
            },
            {
                "value": "Andaman and Nicobar Islands",
                "label": "Andaman and Nicobar Islands",
                "districts": [
                    {
                        "value": "Port Blair",
                        "label": "Port Blair",
                        "pincodes": [
                            "744101",
                            "744102",
                            "744103",
                            "OTHERS"
                        ]
                    }
                ]
            },
            {
                "value": "Chandigarh",
                "label": "Chandigarh",
                "districts": [
                    {
                        "value": "Chandigarh",
                        "label": "Chandigarh",
                        "pincodes": [
                            "160001",
                            "160002",
                            "160003",
                            "160004",
                            "160005",
                            "OTHERS"
                        ]
                    }
                ]
            },
            {
                "value": "Dadra and Nagar Haveli and Daman and Diu",
                "label": "Dadra and Nagar Haveli and Daman and Diu",
                "districts": [
                    {
                        "value": "Daman",
                        "label": "Daman",
                        "pincodes": [
                            "396210",
                            "396215",
                            "396220",
                            "OTHERS"
                        ]
                    },
                    {
                        "value": "Diu",
                        "label": "Diu",
                        "pincodes": [
                            "362520",
                            "362530",
                            "OTHERS"
                        ]
                    },
                    {
                        "value": "Silvassa",
                        "label": "Silvassa",
                        "pincodes": [
                            "396230",
                            "396235",
                            "OTHERS"
                        ]
                    }
                ]
            },
            {
                "value": "Delhi",
                "label": "Delhi",
                "districts": [
                    {
                        "value": "New Delhi",
                        "label": "New Delhi",
                        "pincodes": [
                            "110001",
                            "110002",
                            "110003",
                            "110004",
                            "110005",
                            "OTHERS"
                        ]
                    },
                    {
                        "value": "Central Delhi",
                        "label": "Central Delhi",
                        "pincodes": [
                            "110006",
                            "110007",
                            "110008",
                            "110009",
                            "110055",
                            "OTHERS"
                        ]
                    },
                    {
                        "value": "East Delhi",
                        "label": "East Delhi",
                        "pincodes": [
                            "110051",
                            "110092",
                            "110093",
                            "110094",
                            "110095",
                            "OTHERS"
                        ]
                    },
                    {
                        "value": "North Delhi",
                        "label": "North Delhi",
                        "pincodes": [
                            "110006",
                            "110007",
                            "110009",
                            "110033",
                            "110035",
                            "OTHERS"
                        ]
                    },
                    {
                        "value": "South Delhi",
                        "label": "South Delhi",
                        "pincodes": [
                            "110016",
                            "110017",
                            "110019",
                            "110024",
                            "110025",
                            "OTHERS"
                        ]
                    },
                    {
                        "value": "West Delhi",
                        "label": "West Delhi",
                        "pincodes": [
                            "110015",
                            "110018",
                            "110027",
                            "110045",
                            "110046",
                            "OTHERS"
                        ]
                    }
                ]
            },
            {
                "value": "Jammu and Kashmir",
                "label": "Jammu and Kashmir",
                "districts": [
                    {
                        "value": "Srinagar",
                        "label": "Srinagar",
                        "pincodes": [
                            "190001",
                            "190002",
                            "190003",
                            "190004",
                            "190005",
                            "OTHERS"
                        ]
                    },
                    {
                        "value": "Jammu",
                        "label": "Jammu",
                        "pincodes": [
                            "180001",
                            "180002",
                            "180003",
                            "180004",
                            "180005",
                            "OTHERS"
                        ]
                    },
                    {
                        "value": "Anantnag",
                        "label": "Anantnag",
                        "pincodes": [
                            "192101",
                            "192102",
                            "192103",
                            "OTHERS"
                        ]
                    }
                ]
            },
            {
                "value": "Ladakh",
                "label": "Ladakh",
                "districts": [
                    {
                        "value": "Leh",
                        "label": "Leh",
                        "pincodes": [
                            "194101",
                            "194102",
                            "194103",
                            "OTHERS"
                        ]
                    },
                    {
                        "value": "Kargil",
                        "label": "Kargil",
                        "pincodes": [
                            "194103",
                            "194104",
                            "OTHERS"
                        ]
                    }
                ]
            },
            {
                "value": "Lakshadweep",
                "label": "Lakshadweep",
                "districts": [
                    {
                        "value": "Kavaratti",
                        "label": "Kavaratti",
                        "pincodes": [
                            "682555",
                            "682556",
                            "OTHERS"
                        ]
                    }
                ]
            },
            {
                "value": "Puducherry",
                "label": "Puducherry",
                "districts": [
                    {
                        "value": "Puducherry",
                        "label": "Puducherry",
                        "pincodes": [
                            "605001",
                            "605002",
                            "605003",
                            "605004",
                            "605005",
                            "OTHERS"
                        ]
                    },
                    {
                        "value": "Karaikal",
                        "label": "Karaikal",
                        "pincodes": [
                            "609602",
                            "609603",
                            "609604",
                            "OTHERS"
                        ]
                    },
                    {
                        "value": "Mahe",
                        "label": "Mahe",
                        "pincodes": [
                            "673310",
                            "673311",
                            "OTHERS"
                        ]
                    },
                    {
                        "value": "Yanam",
                        "label": "Yanam",
                        "pincodes": [
                            "533464",
                            "533465",
                            "OTHERS"
                        ]
                    }
                ]
            }
        ]
    },
    {
        "name": "Afghanistan",
        "dial_code": "+93",
        "code": "AF"
    },
    {
        "name": "Aland Islands",
        "dial_code": "+358",
        "code": "AX"
    },
    {
        "name": "Albania",
        "dial_code": "+355",
        "code": "AL"
    },
    {
        "name": "Algeria",
        "dial_code": "+213",
        "code": "DZ"
    },
    {
        "name": "AmericanSamoa",
        "dial_code": "+1684",
        "code": "AS"
    },
    {
        "name": "Andorra",
        "dial_code": "+376",
        "code": "AD"
    },
    {
        "name": "Angola",
        "dial_code": "+244",
        "code": "AO"
    },
    {
        "name": "Anguilla",
        "dial_code": "+1264",
        "code": "AI"
    },
    {
        "name": "Antarctica",
        "dial_code": "+672",
        "code": "AQ"
    },
    {
        "name": "Antigua and Barbuda",
        "dial_code": "+1268",
        "code": "AG"
    },
    {
        "name": "Argentina",
        "dial_code": "+54",
        "code": "AR"
    },
    {
        "name": "Armenia",
        "dial_code": "+374",
        "code": "AM"
    },
    {
        "name": "Aruba",
        "dial_code": "+297",
        "code": "AW"
    },
    {
        "name": "Australia",
        "dial_code": "+61",
        "code": "AU"
    },
    {
        "name": "Austria",
        "dial_code": "+43",
        "code": "AT"
    },
    {
        "name": "Azerbaijan",
        "dial_code": "+994",
        "code": "AZ"
    },
    {
        "name": "Bahamas",
        "dial_code": "+1242",
        "code": "BS"
    },
    {
        "name": "Bahrain",
        "dial_code": "+973",
        "code": "BH"
    },
    {
        "name": "Bangladesh",
        "dial_code": "+880",
        "code": "BD"
    },
    {
        "name": "Barbados",
        "dial_code": "+1246",
        "code": "BB"
    },
    {
        "name": "Belarus",
        "dial_code": "+375",
        "code": "BY"
    },
    {
        "name": "Belgium",
        "dial_code": "+32",
        "code": "BE"
    },
    {
        "name": "Belize",
        "dial_code": "+501",
        "code": "BZ"
    },
    {
        "name": "Benin",
        "dial_code": "+229",
        "code": "BJ"
    },
    {
        "name": "Bermuda",
        "dial_code": "+1441",
        "code": "BM"
    },
    {
        "name": "Bhutan",
        "dial_code": "+975",
        "code": "BT"
    },
    {
        "name": "Bolivia, Plurinational State of",
        "dial_code": "+591",
        "code": "BO"
    },
    {
        "name": "Bosnia and Herzegovina",
        "dial_code": "+387",
        "code": "BA"
    },
    {
        "name": "Botswana",
        "dial_code": "+267",
        "code": "BW"
    },
    {
        "name": "Brazil",
        "dial_code": "+55",
        "code": "BR"
    },
    {
        "name": "British Indian Ocean Territory",
        "dial_code": "+246",
        "code": "IO"
    },
    {
        "name": "Brunei Darussalam",
        "dial_code": "+673",
        "code": "BN"
    },
    {
        "name": "Bulgaria",
        "dial_code": "+359",
        "code": "BG"
    },
    {
        "name": "Burkina Faso",
        "dial_code": "+226",
        "code": "BF"
    },
    {
        "name": "Burundi",
        "dial_code": "+257",
        "code": "BI"
    },
    {
        "name": "Cambodia",
        "dial_code": "+855",
        "code": "KH"
    },
    {
        "name": "Cameroon",
        "dial_code": "+237",
        "code": "CM"
    },
    {
        "name": "Canada",
        "dial_code": "+1",
        "code": "CA"
    },
    {
        "name": "Cape Verde",
        "dial_code": "+238",
        "code": "CV"
    },
    {
        "name": "Cayman Islands",
        "dial_code": "+ 345",
        "code": "KY"
    },
    {
        "name": "Central African Republic",
        "dial_code": "+236",
        "code": "CF"
    },
    {
        "name": "Chad",
        "dial_code": "+235",
        "code": "TD"
    },
    {
        "name": "Chile",
        "dial_code": "+56",
        "code": "CL"
    },
    {
        "name": "China",
        "dial_code": "+86",
        "code": "CN"
    },
    {
        "name": "Christmas Island",
        "dial_code": "+61",
        "code": "CX"
    },
    {
        "name": "Cocos (Keeling) Islands",
        "dial_code": "+61",
        "code": "CC"
    },
    {
        "name": "Colombia",
        "dial_code": "+57",
        "code": "CO"
    },
    {
        "name": "Comoros",
        "dial_code": "+269",
        "code": "KM"
    },
    {
        "name": "Congo",
        "dial_code": "+242",
        "code": "CG"
    },
    {
        "name": "Congo, The Democratic Republic of the Congo",
        "dial_code": "+243",
        "code": "CD"
    },
    {
        "name": "Cook Islands",
        "dial_code": "+682",
        "code": "CK"
    },
    {
        "name": "Costa Rica",
        "dial_code": "+506",
        "code": "CR"
    },
    {
        "name": "Cote d'Ivoire",
        "dial_code": "+225",
        "code": "CI"
    },
    {
        "name": "Croatia",
        "dial_code": "+385",
        "code": "HR"
    },
    {
        "name": "Cuba",
        "dial_code": "+53",
        "code": "CU"
    },
    {
        "name": "Cyprus",
        "dial_code": "+357",
        "code": "CY"
    },
    {
        "name": "Czech Republic",
        "dial_code": "+420",
        "code": "CZ"
    },
    {
        "name": "Denmark",
        "dial_code": "+45",
        "code": "DK"
    },
    {
        "name": "Djibouti",
        "dial_code": "+253",
        "code": "DJ"
    },
    {
        "name": "Dominica",
        "dial_code": "+1767",
        "code": "DM"
    },
    {
        "name": "Dominican Republic",
        "dial_code": "+1849",
        "code": "DO"
    },
    {
        "name": "Ecuador",
        "dial_code": "+593",
        "code": "EC"
    },
    {
        "name": "Egypt",
        "dial_code": "+20",
        "code": "EG"
    },
    {
        "name": "El Salvador",
        "dial_code": "+503",
        "code": "SV"
    },
    {
        "name": "Equatorial Guinea",
        "dial_code": "+240",
        "code": "GQ"
    },
    {
        "name": "Eritrea",
        "dial_code": "+291",
        "code": "ER"
    },
    {
        "name": "Estonia",
        "dial_code": "+372",
        "code": "EE"
    },
    {
        "name": "Ethiopia",
        "dial_code": "+251",
        "code": "ET"
    },
    {
        "name": "Falkland Islands (Malvinas)",
        "dial_code": "+500",
        "code": "FK"
    },
    {
        "name": "Faroe Islands",
        "dial_code": "+298",
        "code": "FO"
    },
    {
        "name": "Fiji",
        "dial_code": "+679",
        "code": "FJ"
    },
    {
        "name": "Finland",
        "dial_code": "+358",
        "code": "FI"
    },
    {
        "name": "France",
        "dial_code": "+33",
        "code": "FR"
    },
    {
        "name": "French Guiana",
        "dial_code": "+594",
        "code": "GF"
    },
    {
        "name": "French Polynesia",
        "dial_code": "+689",
        "code": "PF"
    },
    {
        "name": "Gabon",
        "dial_code": "+241",
        "code": "GA"
    },
    {
        "name": "Gambia",
        "dial_code": "+220",
        "code": "GM"
    },
    {
        "name": "Georgia",
        "dial_code": "+995",
        "code": "GE"
    },
    {
        "name": "Germany",
        "dial_code": "+49",
        "code": "DE"
    },
    {
        "name": "Ghana",
        "dial_code": "+233",
        "code": "GH"
    },
    {
        "name": "Gibraltar",
        "dial_code": "+350",
        "code": "GI"
    },
    {
        "name": "Greece",
        "dial_code": "+30",
        "code": "GR"
    },
    {
        "name": "Greenland",
        "dial_code": "+299",
        "code": "GL"
    },
    {
        "name": "Grenada",
        "dial_code": "+1473",
        "code": "GD"
    },
    {
        "name": "Guadeloupe",
        "dial_code": "+590",
        "code": "GP"
    },
    {
        "name": "Guam",
        "dial_code": "+1671",
        "code": "GU"
    },
    {
        "name": "Guatemala",
        "dial_code": "+502",
        "code": "GT"
    },
    {
        "name": "Guernsey",
        "dial_code": "+44",
        "code": "GG"
    },
    {
        "name": "Guinea",
        "dial_code": "+224",
        "code": "GN"
    },
    {
        "name": "Guinea-Bissau",
        "dial_code": "+245",
        "code": "GW"
    },
    {
        "name": "Guyana",
        "dial_code": "+595",
        "code": "GY"
    },
    {
        "name": "Haiti",
        "dial_code": "+509",
        "code": "HT"
    },
    {
        "name": "Holy See (Vatican City State)",
        "dial_code": "+379",
        "code": "VA"
    },
    {
        "name": "Honduras",
        "dial_code": "+504",
        "code": "HN"
    },
    {
        "name": "Hong Kong",
        "dial_code": "+852",
        "code": "HK"
    },
    {
        "name": "Hungary",
        "dial_code": "+36",
        "code": "HU"
    },
    {
        "name": "Iceland",
        "dial_code": "+354",
        "code": "IS"
    },
    {
        "name": "Indonesia",
        "dial_code": "+62",
        "code": "ID"
    },
    {
        "name": "Iran, Islamic Republic of Persian Gulf",
        "dial_code": "+98",
        "code": "IR"
    },
    {
        "name": "Iraq",
        "dial_code": "+964",
        "code": "IQ"
    },
    {
        "name": "Ireland",
        "dial_code": "+353",
        "code": "IE"
    },
    {
        "name": "Isle of Man",
        "dial_code": "+44",
        "code": "IM"
    },
    {
        "name": "Israel",
        "dial_code": "+972",
        "code": "IL"
    },
    {
        "name": "Italy",
        "dial_code": "+39",
        "code": "IT"
    },
    {
        "name": "Jamaica",
        "dial_code": "+1876",
        "code": "JM"
    },
    {
        "name": "Japan",
        "dial_code": "+81",
        "code": "JP"
    },
    {
        "name": "Jersey",
        "dial_code": "+44",
        "code": "JE"
    },
    {
        "name": "Jordan",
        "dial_code": "+962",
        "code": "JO"
    },
    {
        "name": "Kazakhstan",
        "dial_code": "+77",
        "code": "KZ"
    },
    {
        "name": "Kenya",
        "dial_code": "+254",
        "code": "KE"
    },
    {
        "name": "Kiribati",
        "dial_code": "+686",
        "code": "KI"
    },
    {
        "name": "Korea, Democratic People's Republic of Korea",
        "dial_code": "+850",
        "code": "KP"
    },
    {
        "name": "Korea, Republic of South Korea",
        "dial_code": "+82",
        "code": "KR"
    },
    {
        "name": "Kuwait",
        "dial_code": "+965",
        "code": "KW"
    },
    {
        "name": "Kyrgyzstan",
        "dial_code": "+996",
        "code": "KG"
    },
    {
        "name": "Laos",
        "dial_code": "+856",
        "code": "LA"
    },
    {
        "name": "Latvia",
        "dial_code": "+371",
        "code": "LV"
    },
    {
        "name": "Lebanon",
        "dial_code": "+961",
        "code": "LB"
    },
    {
        "name": "Lesotho",
        "dial_code": "+266",
        "code": "LS"
    },
    {
        "name": "Liberia",
        "dial_code": "+231",
        "code": "LR"
    },
    {
        "name": "Libyan Arab Jamahiriya",
        "dial_code": "+218",
        "code": "LY"
    },
    {
        "name": "Liechtenstein",
        "dial_code": "+423",
        "code": "LI"
    },
    {
        "name": "Lithuania",
        "dial_code": "+370",
        "code": "LT"
    },
    {
        "name": "Luxembourg",
        "dial_code": "+352",
        "code": "LU"
    },
    {
        "name": "Macao",
        "dial_code": "+853",
        "code": "MO"
    },
    {
        "name": "Macedonia",
        "dial_code": "+389",
        "code": "MK"
    },
    {
        "name": "Madagascar",
        "dial_code": "+261",
        "code": "MG"
    },
    {
        "name": "Malawi",
        "dial_code": "+265",
        "code": "MW"
    },
    {
        "name": "Malaysia",
        "dial_code": "+60",
        "code": "MY"
    },
    {
        "name": "Maldives",
        "dial_code": "+960",
        "code": "MV"
    },
    {
        "name": "Mali",
        "dial_code": "+223",
        "code": "ML"
    },
    {
        "name": "Malta",
        "dial_code": "+356",
        "code": "MT"
    },
    {
        "name": "Marshall Islands",
        "dial_code": "+692",
        "code": "MH"
    },
    {
        "name": "Martinique",
        "dial_code": "+596",
        "code": "MQ"
    },
    {
        "name": "Mauritania",
        "dial_code": "+222",
        "code": "MR"
    },
    {
        "name": "Mauritius",
        "dial_code": "+230",
        "code": "MU"
    },
    {
        "name": "Mayotte",
        "dial_code": "+262",
        "code": "YT"
    },
    {
        "name": "Mexico",
        "dial_code": "+52",
        "code": "MX"
    },
    {
        "name": "Micronesia, Federated States of Micronesia",
        "dial_code": "+691",
        "code": "FM"
    },
    {
        "name": "Moldova",
        "dial_code": "+373",
        "code": "MD"
    },
    {
        "name": "Monaco",
        "dial_code": "+377",
        "code": "MC"
    },
    {
        "name": "Mongolia",
        "dial_code": "+976",
        "code": "MN"
    },
    {
        "name": "Montenegro",
        "dial_code": "+382",
        "code": "ME"
    },
    {
        "name": "Montserrat",
        "dial_code": "+1664",
        "code": "MS"
    },
    {
        "name": "Morocco",
        "dial_code": "+212",
        "code": "MA"
    },
    {
        "name": "Mozambique",
        "dial_code": "+258",
        "code": "MZ"
    },
    {
        "name": "Myanmar",
        "dial_code": "+95",
        "code": "MM"
    },
    {
        "name": "Namibia",
        "dial_code": "+264",
        "code": "NA"
    },
    {
        "name": "Nauru",
        "dial_code": "+674",
        "code": "NR"
    },
    {
        "name": "Nepal",
        "dial_code": "+977",
        "code": "NP"
    },
    {
        "name": "Netherlands",
        "dial_code": "+31",
        "code": "NL"
    },
    {
        "name": "Netherlands Antilles",
        "dial_code": "+599",
        "code": "AN"
    },
    {
        "name": "New Caledonia",
        "dial_code": "+687",
        "code": "NC"
    },
    {
        "name": "New Zealand",
        "dial_code": "+64",
        "code": "NZ"
    },
    {
        "name": "Nicaragua",
        "dial_code": "+505",
        "code": "NI"
    },
    {
        "name": "Niger",
        "dial_code": "+227",
        "code": "NE"
    },
    {
        "name": "Nigeria",
        "dial_code": "+234",
        "code": "NG"
    },
    {
        "name": "Niue",
        "dial_code": "+683",
        "code": "NU"
    },
    {
        "name": "Norfolk Island",
        "dial_code": "+672",
        "code": "NF"
    },
    {
        "name": "Northern Mariana Islands",
        "dial_code": "+1670",
        "code": "MP"
    },
    {
        "name": "Norway",
        "dial_code": "+47",
        "code": "NO"
    },
    {
        "name": "Oman",
        "dial_code": "+968",
        "code": "OM"
    },
    {
        "name": "Pakistan",
        "dial_code": "+92",
        "code": "PK"
    },
    {
        "name": "Palau",
        "dial_code": "+680",
        "code": "PW"
    },
    {
        "name": "Palestinian Territory, Occupied",
        "dial_code": "+970",
        "code": "PS"
    },
    {
        "name": "Panama",
        "dial_code": "+507",
        "code": "PA"
    },
    {
        "name": "Papua New Guinea",
        "dial_code": "+675",
        "code": "PG"
    },
    {
        "name": "Paraguay",
        "dial_code": "+595",
        "code": "PY"
    },
    {
        "name": "Peru",
        "dial_code": "+51",
        "code": "PE"
    },
    {
        "name": "Philippines",
        "dial_code": "+63",
        "code": "PH"
    },
    {
        "name": "Pitcairn",
        "dial_code": "+872",
        "code": "PN"
    },
    {
        "name": "Poland",
        "dial_code": "+48",
        "code": "PL"
    },
    {
        "name": "Portugal",
        "dial_code": "+351",
        "code": "PT"
    },
    {
        "name": "Puerto Rico",
        "dial_code": "+1939",
        "code": "PR"
    },
    {
        "name": "Qatar",
        "dial_code": "+974",
        "code": "QA"
    },
    {
        "name": "Romania",
        "dial_code": "+40",
        "code": "RO"
    },
    {
        "name": "Russia",
        "dial_code": "+7",
        "code": "RU"
    },
    {
        "name": "Rwanda",
        "dial_code": "+250",
        "code": "RW"
    },
    {
        "name": "Reunion",
        "dial_code": "+262",
        "code": "RE"
    },
    {
        "name": "Saint Barthelemy",
        "dial_code": "+590",
        "code": "BL"
    },
    {
        "name": "Saint Helena, Ascension and Tristan Da Cunha",
        "dial_code": "+290",
        "code": "SH"
    },
    {
        "name": "Saint Kitts and Nevis",
        "dial_code": "+1869",
        "code": "KN"
    },
    {
        "name": "Saint Lucia",
        "dial_code": "+1758",
        "code": "LC"
    },
    {
        "name": "Saint Martin",
        "dial_code": "+590",
        "code": "MF"
    },
    {
        "name": "Saint Pierre and Miquelon",
        "dial_code": "+508",
        "code": "PM"
    },
    {
        "name": "Saint Vincent and the Grenadines",
        "dial_code": "+1784",
        "code": "VC"
    },
    {
        "name": "Samoa",
        "dial_code": "+685",
        "code": "WS"
    },
    {
        "name": "San Marino",
        "dial_code": "+378",
        "code": "SM"
    },
    {
        "name": "Sao Tome and Principe",
        "dial_code": "+239",
        "code": "ST"
    },
    {
        "name": "Saudi Arabia",
        "dial_code": "+966",
        "code": "SA"
    },
    {
        "name": "Senegal",
        "dial_code": "+221",
        "code": "SN"
    },
    {
        "name": "Serbia",
        "dial_code": "+381",
        "code": "RS"
    },
    {
        "name": "Seychelles",
        "dial_code": "+248",
        "code": "SC"
    },
    {
        "name": "Sierra Leone",
        "dial_code": "+232",
        "code": "SL"
    },
    {
        "name": "Singapore",
        "dial_code": "+65",
        "code": "SG"
    },
    {
        "name": "Slovakia",
        "dial_code": "+421",
        "code": "SK"
    },
    {
        "name": "Slovenia",
        "dial_code": "+386",
        "code": "SI"
    },
    {
        "name": "Solomon Islands",
        "dial_code": "+677",
        "code": "SB"
    },
    {
        "name": "Somalia",
        "dial_code": "+252",
        "code": "SO"
    },
    {
        "name": "South Africa",
        "dial_code": "+27",
        "code": "ZA"
    },
    {
        "name": "South Sudan",
        "dial_code": "+211",
        "code": "SS"
    },
    {
        "name": "South Georgia and the South Sandwich Islands",
        "dial_code": "+500",
        "code": "GS"
    },
    {
        "name": "Spain",
        "dial_code": "+34",
        "code": "ES"
    },
    {
        "name": "Sri Lanka",
        "dial_code": "+94",
        "code": "LK"
    },
    {
        "name": "Sudan",
        "dial_code": "+249",
        "code": "SD"
    },
    {
        "name": "Suriname",
        "dial_code": "+597",
        "code": "SR"
    },
    {
        "name": "Svalbard and Jan Mayen",
        "dial_code": "+47",
        "code": "SJ"
    },
    {
        "name": "Swaziland",
        "dial_code": "+268",
        "code": "SZ"
    },
    {
        "name": "Sweden",
        "dial_code": "+46",
        "code": "SE"
    },
    {
        "name": "Switzerland",
        "dial_code": "+41",
        "code": "CH"
    },
    {
        "name": "Syrian Arab Republic",
        "dial_code": "+963",
        "code": "SY"
    },
    {
        "name": "Taiwan",
        "dial_code": "+886",
        "code": "TW"
    },
    {
        "name": "Tajikistan",
        "dial_code": "+992",
        "code": "TJ"
    },
    {
        "name": "Tanzania, United Republic of Tanzania",
        "dial_code": "+255",
        "code": "TZ"
    },
    {
        "name": "Thailand",
        "dial_code": "+66",
        "code": "TH"
    },
    {
        "name": "Timor-Leste",
        "dial_code": "+670",
        "code": "TL"
    },
    {
        "name": "Togo",
        "dial_code": "+228",
        "code": "TG"
    },
    {
        "name": "Tokelau",
        "dial_code": "+690",
        "code": "TK"
    },
    {
        "name": "Tonga",
        "dial_code": "+676",
        "code": "TO"
    },
    {
        "name": "Trinidad and Tobago",
        "dial_code": "+1868",
        "code": "TT"
    },
    {
        "name": "Tunisia",
        "dial_code": "+216",
        "code": "TN"
    },
    {
        "name": "Turkey",
        "dial_code": "+90",
        "code": "TR"
    },
    {
        "name": "Turkmenistan",
        "dial_code": "+993",
        "code": "TM"
    },
    {
        "name": "Turks and Caicos Islands",
        "dial_code": "+1649",
        "code": "TC"
    },
    {
        "name": "Tuvalu",
        "dial_code": "+688",
        "code": "TV"
    },
    {
        "name": "Uganda",
        "dial_code": "+256",
        "code": "UG"
    },
    {
        "name": "Ukraine",
        "dial_code": "+380",
        "code": "UA"
    },
    {
        "name": "United Arab Emirates",
        "dial_code": "+971",
        "code": "AE"
    },
    {
        "name": "United Kingdom",
        "dial_code": "+44",
        "code": "GB"
    },
    {
        "name": "United States",
        "dial_code": "+1",
        "code": "US"
    },
    {
        "name": "Uruguay",
        "dial_code": "+598",
        "code": "UY"
    },
    {
        "name": "Uzbekistan",
        "dial_code": "+998",
        "code": "UZ"
    },
    {
        "name": "Vanuatu",
        "dial_code": "+678",
        "code": "VU"
    },
    {
        "name": "Venezuela, Bolivarian Republic of Venezuela",
        "dial_code": "+58",
        "code": "VE"
    },
    {
        "name": "Vietnam",
        "dial_code": "+84",
        "code": "VN"
    },
    {
        "name": "Virgin Islands, British",
        "dial_code": "+1284",
        "code": "VG"
    },
    {
        "name": "Virgin Islands, U.S.",
        "dial_code": "+1340",
        "code": "VI"
    },
    {
        "name": "Wallis and Futuna",
        "dial_code": "+681",
        "code": "WF"
    },
    {
        "name": "Yemen",
        "dial_code": "+967",
        "code": "YE"
    },
    {
        "name": "Zambia",
        "dial_code": "+260",
        "code": "ZM"
    },
    {
        "name": "Zimbabwe",
        "dial_code": "+263",
        "code": "ZW"
    }
]